arraign_year,release_decision,n,share,share_change_pts
2019,Bail set,22040,0.1979557743088613,NA
2019,Non-monetary,4971,0.0446478291329106,NA
2019,ROR,83649,0.7513068314501787,NA
2019,Remand,678,0.006089565108049363,NA
2020,Bail set,11937,0.16338625787024363,-0.034569516438617665
2020,Non-monetary,7875,0.10778811935395566,0.06314029022104506
2020,ROR,52601,0.719969887763482,-0.031336943686696705
2020,Remand,647,0.008855735012318643,0.00276616990426928
2021,Bail set,13956,0.1563750042018219,-0.00701125366842173
2021,Non-monetary,14282,0.160027788048898,0.05223966869494234
2021,ROR,60145,0.6739162100686857,-0.04605367769479629
2021,Remand,864,0.009680997680594305,8.252626682756625e-4
2022,Bail set,15853,0.15319868573637418,-0.0031763184654477195
2022,Non-monetary,21069,0.20360456126787785,0.04357677321897985
2022,ROR,65677,0.6346830305373019,-0.03923317953138383
2022,Remand,881,0.008513722458446076,-0.0011672752221482292
2023,Bail set,18313,0.1546510154963476,0.0014523297599734197
2023,Non-monetary,25296,0.21362158510323861,0.010017023835360767
2023,ROR,73999,0.6249123844107588,-0.009770646126543103
2023,Remand,807,0.006815014989655027,-0.0016987074687910492
2024,Bail set,19916,0.14929759066852577,-0.005353424827821834
2024,Non-monetary,29854,0.223796458717522,0.010174873614283375
2024,ROR,82908,0.621508568344353,-0.0034038160664058292
2024,Remand,720,0.005397382269599244,-0.0014176327200557826
