period,release_decision,n,share
First amendments,Bail set,27053,0.16137749197675944
First amendments,Non-monetary,27440,0.16368603777186558
First amendments,ROR,111547,0.6654040253403166
First amendments,Remand,1598,0.009532444911058351
Later amendments,Bail set,47911,0.15310452816923914
Later amendments,Non-monetary,67773,0.21657559198542806
Later amendments,ROR,195168,0.6236794171220401
Later amendments,Remand,2078,0.006640462723292749
Pre-reform,Bail set,22040,0.1979557743088613
Pre-reform,Non-monetary,4971,0.0446478291329106
Pre-reform,ROR,83649,0.7513068314501787
Pre-reform,Remand,678,0.006089565108049363
Reform,Bail set,5011,0.13531540289479368
Reform,Non-monetary,3163,0.08541261611579175
Reform,ROR,28615,0.7727100885720458
Reform,Remand,243,0.0065618924173687625
