arraign_month,period,release_decision,n,share
2019-01-01,Pre-reform,Bail set,2335,0.23102800039576532
2019-01-01,Pre-reform,Non-monetary,314,0.03106757692688236
2019-01-01,Pre-reform,ROR,7405,0.7326605323043435
2019-01-01,Pre-reform,Remand,53,0.0052438903730088055
2019-02-01,Pre-reform,Bail set,2006,0.22393391382004912
2019-02-01,Pre-reform,Non-monetary,350,0.03907122125474436
2019-02-01,Pre-reform,ROR,6540,0.7300736771600804
2019-02-01,Pre-reform,Remand,62,0.006921187765126144
2019-03-01,Pre-reform,Bail set,2198,0.21812047236280638
2019-03-01,Pre-reform,Non-monetary,387,0.038404286990175646
2019-03-01,Pre-reform,ROR,7448,0.739108861764414
2019-03-01,Pre-reform,Remand,44,0.00436637888260395
2019-04-01,Pre-reform,Bail set,2035,0.2095993408177979
2019-04-01,Pre-reform,Non-monetary,323,0.033268101761252444
2019-04-01,Pre-reform,ROR,7283,0.7501287465238439
2019-04-01,Pre-reform,Remand,68,0.007003810897105778
2019-05-01,Pre-reform,Bail set,2110,0.20814836736707112
2019-05-01,Pre-reform,Non-monetary,336,0.033145901154187626
2019-05-01,Pre-reform,ROR,7647,0.7543651968037881
2019-05-01,Pre-reform,Remand,44,0.004340534674953142
2019-06-01,Pre-reform,Bail set,1968,0.21149919398173025
2019-06-01,Pre-reform,Non-monetary,414,0.04449220849005911
2019-06-01,Pre-reform,ROR,6864,0.737667920472864
2019-06-01,Pre-reform,Remand,59,0.006340677055346588
2019-07-01,Pre-reform,Bail set,2039,0.1982884372264903
2019-07-01,Pre-reform,Non-monetary,514,0.04998541281727122
2019-07-01,Pre-reform,ROR,7666,0.7455022853252942
2019-07-01,Pre-reform,Remand,64,0.006223864630944277
2019-08-01,Pre-reform,Bail set,1896,0.19534308675046363
2019-08-01,Pre-reform,Non-monetary,492,0.05069029466309499
2019-08-01,Pre-reform,ROR,7244,0.7463424685761385
2019-08-01,Pre-reform,Remand,74,0.007624150010302906
2019-09-01,Pre-reform,Bail set,1674,0.1894522408329561
2019-09-01,Pre-reform,Non-monetary,405,0.04583521955636034
2019-09-01,Pre-reform,ROR,6693,0.7574694431869624
2019-09-01,Pre-reform,Remand,64,0.007243096423721141
2019-10-01,Pre-reform,Bail set,1636,0.1824264049955397
2019-10-01,Pre-reform,Non-monetary,458,0.051070472792149865
2019-10-01,Pre-reform,ROR,6823,0.7608162355040142
2019-10-01,Pre-reform,Remand,51,0.005686886708296164
2019-11-01,Pre-reform,Bail set,1319,0.16279930881263885
2019-11-01,Pre-reform,Non-monetary,417,0.05146877314243397
2019-11-01,Pre-reform,ROR,6316,0.7795606023204147
2019-11-01,Pre-reform,Remand,50,0.006171315724512466
2019-12-01,Pre-reform,Bail set,824,0.11524475524475525
2019-12-01,Pre-reform,Non-monetary,561,0.07846153846153846
2019-12-01,Pre-reform,ROR,5720,0.8
2019-12-01,Pre-reform,Remand,45,0.006293706293706294
2020-01-01,Reform,Bail set,924,0.11778202676864245
2020-01-01,Reform,Non-monetary,997,0.12708731676226895
2020-01-01,Reform,ROR,5881,0.7496494582536648
2020-01-01,Reform,Remand,43,0.005481198215423837
2020-02-01,Reform,Bail set,1015,0.1277533039647577
2020-02-01,Reform,Non-monetary,1389,0.1748269351793581
2020-02-01,Reform,ROR,5492,0.6912523599748269
2020-02-01,Reform,Remand,49,0.006167400881057269
2020-03-01,Reform,Bail set,840,0.1291115893021826
2020-03-01,Reform,Non-monetary,760,0.1168152474638795
2020-03-01,Reform,ROR,4871,0.7486935136796803
2020-03-01,Reform,Remand,35,0.005379649554257608
2020-04-01,Reform,Bail set,554,0.1409669211195929
2020-04-01,Reform,Non-monetary,3,7.633587786259542e-4
2020-04-01,Reform,ROR,3343,0.8506361323155216
2020-04-01,Reform,Remand,30,0.007633587786259542
2020-05-01,Reform,Bail set,979,0.15110356536502548
2020-05-01,Reform,Non-monetary,12,0.0018521376755672172
2020-05-01,Reform,ROR,5449,0.8410248495138138
2020-05-01,Reform,Remand,39,0.006019447445593456
2020-06-01,Reform,Bail set,699,0.16154379477698175
2020-06-01,Reform,Non-monetary,2,4.6221400508435407e-4
2020-06-01,Reform,ROR,3579,0.8271319620984516
2020-06-01,Reform,Remand,47,0.01086202911948232
2020-07-01,First amendments,Bail set,891,0.2162621359223301
2020-07-01,First amendments,Non-monetary,280,0.06796116504854369
2020-07-01,First amendments,ROR,2877,0.6983009708737864
2020-07-01,First amendments,Remand,72,0.017475728155339806
2020-08-01,First amendments,Bail set,1100,0.20750801735521598
2020-08-01,First amendments,Non-monetary,813,0.15336728919071874
2020-08-01,First amendments,ROR,3324,0.6270514997170346
2020-08-01,First amendments,Remand,64,0.012073193737030748
2020-09-01,First amendments,Bail set,1391,0.22504449118265651
2020-09-01,First amendments,Non-monetary,852,0.13784177317586152
2020-09-01,First amendments,ROR,3864,0.6251415628539071
2020-09-01,First amendments,Remand,74,0.011972172787574826
2020-10-01,First amendments,Bail set,1342,0.180497646267653
2020-10-01,First amendments,Non-monetary,901,0.12118359112306658
2020-10-01,First amendments,ROR,5124,0.6891728312037659
2020-10-01,First amendments,Remand,68,0.009145931405514458
2020-11-01,First amendments,Bail set,1103,0.17334590601917335
2020-11-01,First amendments,Non-monetary,822,0.12918434700612919
2020-11-01,First amendments,ROR,4371,0.686940122583687
2020-11-01,First amendments,Remand,67,0.010529624391010529
2020-12-01,First amendments,Bail set,1099,0.16581170790585395
2020-12-01,First amendments,Non-monetary,1044,0.15751357875678937
2020-12-01,First amendments,ROR,4426,0.667773083886542
2020-12-01,First amendments,Remand,59,0.008901629450814725
2021-01-01,First amendments,Bail set,1251,0.17317275747508307
2021-01-01,First amendments,Non-monetary,1018,0.14091915836101881
2021-01-01,First amendments,ROR,4885,0.676218161683278
2021-01-01,First amendments,Remand,70,0.009689922480620155
2021-02-01,First amendments,Bail set,1068,0.1730395333765392
2021-02-01,First amendments,Non-monetary,906,0.14679196370706415
2021-02-01,First amendments,ROR,4132,0.6694750486066104
2021-02-01,First amendments,Remand,66,0.01069345430978613
2021-03-01,First amendments,Bail set,1251,0.16909975669099755
2021-03-01,First amendments,Non-monetary,1059,0.14314679643146797
2021-03-01,First amendments,ROR,5030,0.6799134901324683
2021-03-01,First amendments,Remand,58,0.007839956745066235
2021-04-01,First amendments,Bail set,981,0.16672331747110808
2021-04-01,First amendments,Non-monetary,829,0.14089055064581918
2021-04-01,First amendments,ROR,4003,0.6803195105370496
2021-04-01,First amendments,Remand,71,0.012066621346023114
2021-05-01,First amendments,Bail set,1190,0.17461482024944974
2021-05-01,First amendments,Non-monetary,1016,0.1490829053558327
2021-05-01,First amendments,ROR,4524,0.6638297872340425
2021-05-01,First amendments,Remand,85,0.012472487160674981
2021-06-01,First amendments,Bail set,1254,0.16454533525784018
2021-06-01,First amendments,Non-monetary,1141,0.14971788479202205
2021-06-01,First amendments,ROR,5139,0.6743209552552158
2021-06-01,First amendments,Remand,87,0.011415824694921927
2021-07-01,First amendments,Bail set,1367,0.15728914969508687
2021-07-01,First amendments,Non-monetary,1311,0.1508457024508112
2021-07-01,First amendments,ROR,5942,0.6836957772408239
2021-07-01,First amendments,Remand,71,0.008169370613278104
2021-08-01,First amendments,Bail set,1365,0.1579130032392411
2021-08-01,First amendments,Non-monetary,1432,0.16566404442387783
2021-08-01,First amendments,ROR,5768,0.6672836649699213
2021-08-01,First amendments,Remand,79,0.009139287366959742
2021-09-01,First amendments,Bail set,1109,0.14084328168656338
2021-09-01,First amendments,Non-monetary,1356,0.17221234442468886
2021-09-01,First amendments,ROR,5347,0.6790703581407163
2021-09-01,First amendments,Remand,62,0.007874015748031496
2021-10-01,First amendments,Bail set,1082,0.1317263209155101
2021-10-01,First amendments,Non-monetary,1550,0.18870221572924276
2021-10-01,First amendments,ROR,5526,0.672753834915997
2021-10-01,First amendments,Remand,56,0.006817628439250061
2021-11-01,First amendments,Bail set,970,0.13053424841878616
2021-11-01,First amendments,Non-monetary,1317,0.17723052079127977
2021-11-01,First amendments,ROR,5066,0.6817386623603822
2021-11-01,First amendments,Remand,78,0.010496568429551878
2021-12-01,First amendments,Bail set,1068,0.14672345102349224
2021-12-01,First amendments,Non-monetary,1347,0.18505289188075286
2021-12-01,First amendments,ROR,4783,0.6570957549113889
2021-12-01,First amendments,Remand,81,0.011127902184365985
2022-01-01,First amendments,Bail set,1062,0.1446866485013624
2022-01-01,First amendments,Non-monetary,1406,0.19155313351498637
2022-01-01,First amendments,ROR,4814,0.655858310626703
2022-01-01,First amendments,Remand,58,0.00790190735694823
2022-02-01,First amendments,Bail set,1173,0.1540785498489426
2022-02-01,First amendments,Non-monetary,1421,0.18665440693550506
2022-02-01,First amendments,ROR,4952,0.6504663076316827
2022-02-01,First amendments,Remand,67,0.008800735583869696
2022-03-01,First amendments,Bail set,1324,0.14546253570643813
2022-03-01,First amendments,Non-monetary,1830,0.2010547132498352
2022-03-01,First amendments,ROR,5875,0.6454625357064382
2022-03-01,First amendments,Remand,73,0.008020215337288509
2022-04-01,First amendments,Bail set,1253,0.1385908638424953
2022-04-01,First amendments,Non-monetary,1891,0.20915827895144343
2022-04-01,First amendments,ROR,5839,0.6458356376507024
2022-04-01,First amendments,Remand,58,0.00641521955535892
2022-05-01,First amendments,Bail set,1359,0.14664940110067984
2022-05-01,First amendments,Non-monetary,1898,0.20481277651883026
2022-05-01,First amendments,ROR,5936,0.6405524981115788
2022-05-01,First amendments,Remand,74,0.00798532426891119
2022-06-01,Later amendments,Bail set,1337,0.14620010934937125
2022-06-01,Later amendments,Non-monetary,1793,0.19606342263531984
2022-06-01,Later amendments,ROR,5947,0.6503007107709131
2022-06-01,Later amendments,Remand,68,0.007435757244395845
2022-07-01,Later amendments,Bail set,1378,0.15331553182020471
2022-07-01,Later amendments,Non-monetary,1780,0.19804183355585225
2022-07-01,Later amendments,ROR,5748,0.6395193591455274
2022-07-01,Later amendments,Remand,82,0.009123275478415665
2022-08-01,Later amendments,Bail set,1423,0.16281464530892448
2022-08-01,Later amendments,Non-monetary,1850,0.2116704805491991
2022-08-01,Later amendments,ROR,5383,0.6159038901601831
2022-08-01,Later amendments,Remand,84,0.009610983981693364
2022-09-01,Later amendments,Bail set,1513,0.1770418909431313
2022-09-01,Later amendments,Non-monetary,1840,0.21530540603791248
2022-09-01,Later amendments,ROR,5099,0.596653405101802
2022-09-01,Later amendments,Remand,94,0.010999297917154224
2022-10-01,Later amendments,Bail set,1478,0.16453300679060448
2022-10-01,Later amendments,Non-monetary,1912,0.21284648781030835
2022-10-01,Later amendments,ROR,5519,0.6143827229210731
2022-10-01,Later amendments,Remand,74,0.008237782478014027
2022-11-01,Later amendments,Bail set,1310,0.15316263299427102
2022-11-01,Later amendments,Non-monetary,1728,0.20203437390389337
2022-11-01,Later amendments,ROR,5435,0.6354495498655442
2022-11-01,Later amendments,Remand,80,0.00935344323629136
2022-12-01,Later amendments,Bail set,1243,0.1522911051212938
2022-12-01,Later amendments,Non-monetary,1720,0.21073266356285225
2022-12-01,Later amendments,ROR,5130,0.6285224209752511
2022-12-01,Later amendments,Remand,69,0.008453810340602793
2023-01-01,Later amendments,Bail set,1441,0.1530211319953276
2023-01-01,Later amendments,Non-monetary,1949,0.20696612509291706
2023-01-01,Later amendments,ROR,5933,0.6300307953700754
2023-01-01,Later amendments,Remand,94,0.00998194754167994
2023-02-01,Later amendments,Bail set,1319,0.15098443223443223
2023-02-01,Later amendments,Non-monetary,1833,0.20982142857142858
2023-02-01,Later amendments,ROR,5529,0.6328983516483516
2023-02-01,Later amendments,Remand,55,0.006295787545787546
2023-03-01,Later amendments,Bail set,1459,0.15035037098103873
2023-03-01,Later amendments,Non-monetary,2030,0.20919208573784007
2023-03-01,Later amendments,ROR,6144,0.6331409727947238
2023-03-01,Later amendments,Remand,71,0.007316570486397362
2023-04-01,Later amendments,Bail set,1517,0.15527123848515864
2023-04-01,Later amendments,Non-monetary,2169,0.22200614124872056
2023-04-01,Later amendments,ROR,6004,0.6145342886386899
2023-04-01,Later amendments,Remand,80,0.008188331627430911
2023-05-01,Later amendments,Bail set,1576,0.15330739299610896
2023-05-01,Later amendments,Non-monetary,2206,0.21459143968871594
2023-05-01,Later amendments,ROR,6424,0.6249027237354086
2023-05-01,Later amendments,Remand,74,0.0071984435797665365
2023-06-01,Later amendments,Bail set,1696,0.16394393426776221
2023-06-01,Later amendments,Non-monetary,2305,0.22281295311744803
2023-06-01,Later amendments,ROR,6276,0.6066698888351861
2023-06-01,Later amendments,Remand,68,0.006573223779603673
2023-07-01,Later amendments,Bail set,1678,0.16356370016570815
2023-07-01,Later amendments,Non-monetary,2217,0.2161029340091627
2023-07-01,Later amendments,ROR,6302,0.61428989180232
2023-07-01,Later amendments,Remand,62,0.006043474022809241
2023-08-01,Later amendments,Bail set,1587,0.152728322586854
2023-08-01,Later amendments,Non-monetary,2303,0.2216341064382639
2023-08-01,Later amendments,ROR,6437,0.6194783947647002
2023-08-01,Later amendments,Remand,64,0.006159176210181888
2023-09-01,Later amendments,Bail set,1529,0.15699763836122804
2023-09-01,Later amendments,Non-monetary,2132,0.218913646164904
2023-09-01,Later amendments,ROR,6009,0.6170037991580244
2023-09-01,Later amendments,Remand,69,0.0070849163158435155
2023-10-01,Later amendments,Bail set,1565,0.15238558909444985
2023-10-01,Later amendments,Non-monetary,2187,0.21295034079844205
2023-10-01,Later amendments,ROR,6463,0.6293086660175268
2023-10-01,Later amendments,Remand,55,0.005355404089581304
2023-11-01,Later amendments,Bail set,1563,0.15692771084337348
2023-11-01,Later amendments,Non-monetary,1983,0.19909638554216869
2023-11-01,Later amendments,ROR,6365,0.6390562248995983
2023-11-01,Later amendments,Remand,49,0.0049196787148594375
2023-12-01,Later amendments,Bail set,1383,0.14490779547359597
2023-12-01,Later amendments,Non-monetary,1982,0.20766974015088013
2023-12-01,Later amendments,ROR,6113,0.6405071248952221
2023-12-01,Later amendments,Remand,66,0.0069153394803017606
2024-01-01,Later amendments,Bail set,1494,0.14210976885760487
2024-01-01,Later amendments,Non-monetary,2089,0.1987063635498906
2024-01-01,Later amendments,ROR,6866,0.6530961666508133
2024-01-01,Later amendments,Remand,64,0.0060877009416912395
2024-02-01,Later amendments,Bail set,1521,0.14369390647142183
2024-02-01,Later amendments,Non-monetary,2283,0.21568256967406707
2024-02-01,Later amendments,ROR,6705,0.6334435521965045
2024-02-01,Later amendments,Remand,76,0.007179971658006613
2024-03-01,Later amendments,Bail set,1727,0.15627545018550357
2024-03-01,Later amendments,Non-monetary,2435,0.22034205049316805
2024-03-01,Later amendments,ROR,6823,0.6174101891231563
2024-03-01,Later amendments,Remand,66,0.005972310198172111
2024-04-01,Later amendments,Bail set,1628,0.1534112325669054
2024-04-01,Later amendments,Non-monetary,2229,0.21004523181304183
2024-04-01,Later amendments,ROR,6709,0.6322088202035432
2024-04-01,Later amendments,Remand,46,0.004334715416509612
2024-05-01,Later amendments,Bail set,1745,0.14800678541136555
2024-05-01,Later amendments,Non-monetary,2545,0.21586089906700592
2024-05-01,Later amendments,ROR,7452,0.6320610687022901
2024-05-01,Later amendments,Remand,48,0.004071246819338422
2024-06-01,Later amendments,Bail set,1652,0.14525630880154752
2024-06-01,Later amendments,Non-monetary,2559,0.22500659456607755
2024-06-01,Later amendments,ROR,7102,0.6244614437703332
2024-06-01,Later amendments,Remand,60,0.005275652862041678
2024-07-01,Later amendments,Bail set,1687,0.14229082321187583
2024-07-01,Later amendments,Non-monetary,2716,0.22908232118758434
2024-07-01,Later amendments,ROR,7383,0.6227226720647774
2024-07-01,Later amendments,Remand,70,0.005904183535762483
2024-08-01,Later amendments,Bail set,1799,0.15446037606250537
2024-08-01,Later amendments,Non-monetary,2680,0.2301021722331931
2024-08-01,Later amendments,ROR,7096,0.6092556023010217
2024-08-01,Later amendments,Remand,72,0.006181849403279815
2024-09-01,Later amendments,Bail set,1700,0.15767019105917268
2024-09-01,Later amendments,Non-monetary,2471,0.22917826006306807
2024-09-01,Later amendments,ROR,6571,0.609441662029308
2024-09-01,Later amendments,Remand,40,0.003709886848451122
2024-10-01,Later amendments,Bail set,1777,0.1527157098659333
2024-10-01,Later amendments,Non-monetary,2710,0.2328979030594706
2024-10-01,Later amendments,ROR,7079,0.60837057408044
2024-10-01,Later amendments,Remand,70,0.006015812994156067
2024-11-01,Later amendments,Bail set,1641,0.15023345234825597
2024-11-01,Later amendments,Non-monetary,2616,0.2394946443284812
2024-11-01,Later amendments,ROR,6606,0.6047789068937105
2024-11-01,Later amendments,Remand,60,0.005492996429552321
2024-12-01,Later amendments,Bail set,1545,0.145343367826905
2024-12-01,Later amendments,Non-monetary,2521,0.23715898400752586
2024-12-01,Later amendments,ROR,6516,0.6129821260583255
2024-12-01,Later amendments,Remand,48,0.00451552210724365
