release_type,period,outcome,n,rate,ci_low,ci_high
Bail paid,First amendments,Bench warrant (FTA),6087,0.05832101199277148,0.05243368190737947,0.06420834207816349
Bail paid,Later amendments,Bench warrant (FTA),7022,0.05183708345200797,0.04665162187138967,0.05702254503262627
Bail paid,Pre-reform,Bench warrant (FTA),6820,0.1189149560117302,0.11123265997808793,0.12659725204537248
Bail paid,Reform,Bench warrant (FTA),1138,0.05975395430579965,0.04598220769401595,0.07352570091758334
Non-monetary,First amendments,Bench warrant (FTA),27440,0.23516763848396502,0.23014957761933438,0.24018569934859565
Non-monetary,Later amendments,Bench warrant (FTA),67773,0.2882563852861759,0.28484619216380525,0.2916665784085466
Non-monetary,Pre-reform,Bench warrant (FTA),4971,0.3443975055320861,0.3311880630837995,0.3576069479803727
Non-monetary,Reform,Bench warrant (FTA),3163,0.2715776161871641,0.2560771377685468,0.2870780946057814
ROR,First amendments,Bench warrant (FTA),111547,0.07694514419930612,0.07538116314213493,0.07850912525647731
ROR,Later amendments,Bench warrant (FTA),195168,0.10022134776192819,0.09888905481909374,0.10155364070476264
ROR,Pre-reform,Bench warrant (FTA),83649,0.14150796781790578,0.13914594398103572,0.14386999165477585
ROR,Reform,Bench warrant (FTA),28615,0.07447143106762187,0.07142950285738359,0.07751335927786016
Bail paid,First amendments,Rearrest while pending,6087,0.33530474782322983,0.3234447240298772,0.3471647716165825
Bail paid,Later amendments,Rearrest while pending,7022,0.2923668470521219,0.2817280185843107,0.3030056755199331
Bail paid,Pre-reform,Rearrest while pending,6820,0.31378299120234604,0.30276989779795155,0.32479608460674053
Bail paid,Reform,Rearrest while pending,1138,0.38137082601054484,0.3531497302377215,0.4095919217833682
Non-monetary,First amendments,Rearrest while pending,27440,0.48972303206997086,0.483808202085075,0.4956378620548667
Non-monetary,Later amendments,Rearrest while pending,67773,0.48269960013574725,0.4789374372668345,0.48646176300466
Non-monetary,Pre-reform,Rearrest while pending,4971,0.4727419030376182,0.45886291286478426,0.48662089321045215
Non-monetary,Reform,Rearrest while pending,3163,0.5595953208978818,0.5422943898657838,0.5768962519299797
ROR,First amendments,Rearrest while pending,111547,0.20135010354379768,0.19899678198979315,0.2037034250978022
ROR,Later amendments,Rearrest while pending,195168,0.19793716182980817,0.19616941676991792,0.1997049068896984
ROR,Pre-reform,Rearrest while pending,83649,0.21312866860333057,0.21035344173206494,0.2159038954745962
ROR,Reform,Rearrest while pending,28615,0.28526996330595844,0.28003807774094425,0.29050184887097263
Bail paid,First amendments,Rearrest within 180 days,6087,0.20584852965335962,0.19569118995081528,0.21600586935590396
Bail paid,Later amendments,Rearrest within 180 days,7022,0.21318712617487895,0.2036076474990054,0.2227666048507525
Bail paid,Pre-reform,Rearrest within 180 days,6820,0.24149560117302052,0.23133785051148067,0.2516533518345604
Bail paid,Reform,Rearrest within 180 days,1138,0.19947275922671354,0.1762552944500071,0.22269022400341998
Non-monetary,First amendments,Rearrest within 180 days,27440,0.4221574344023324,0.4163134909651177,0.42800137783954706
Non-monetary,Later amendments,Rearrest within 180 days,67773,0.4299204698036091,0.4261932114085296,0.4336477281986886
Non-monetary,Pre-reform,Rearrest within 180 days,4971,0.3884530275598471,0.37490368086857684,0.4020023742511174
Non-monetary,Reform,Rearrest within 180 days,3163,0.43060385709769206,0.41334735797582556,0.44786035621955855
ROR,First amendments,Rearrest within 180 days,111547,0.17279711691036065,0.1705784025730807,0.17501583124764059
ROR,Later amendments,Rearrest within 180 days,195168,0.17536686342023283,0.17367970476663117,0.1770540220738345
ROR,Pre-reform,Rearrest within 180 days,83649,0.1771449748353238,0.1745576451224547,0.1797323045481929
ROR,Reform,Rearrest within 180 days,28615,0.20873667656823344,0.20402778059415191,0.21344557254231497
Bail paid,First amendments,Violent felony rearrest while pending,6087,0.13372761623131263,0.1251771025378537,0.14227812992477157
Bail paid,Later amendments,Violent felony rearrest while pending,7022,0.09085730561093705,0.0841349479973011,0.097579663224573
Bail paid,Pre-reform,Violent felony rearrest while pending,6820,0.087683284457478,0.0809706174360664,0.0943959514788896
Bail paid,Reform,Violent felony rearrest while pending,1138,0.13620386643233742,0.1162748765686798,0.15613285629599505
Non-monetary,First amendments,Violent felony rearrest while pending,27440,0.13520408163265307,0.13115817613302097,0.13924998713228517
Non-monetary,Later amendments,Violent felony rearrest while pending,67773,0.10836173697490151,0.10602149888466023,0.11070197506514279
Non-monetary,Pre-reform,Violent felony rearrest while pending,4971,0.11667672500502917,0.10775217880771532,0.12560127120234302
Non-monetary,Reform,Violent felony rearrest while pending,3163,0.19285488460322478,0.17910504574735897,0.2066047234590906
ROR,First amendments,Violent felony rearrest while pending,111547,0.047459815145185436,0.046212053021366835,0.048707577269004036
ROR,Later amendments,Violent felony rearrest while pending,195168,0.03984259714707329,0.03897484278999319,0.04071035150415339
ROR,Pre-reform,Violent felony rearrest while pending,83649,0.04196105153677868,0.04060229871557672,0.04331980435798065
ROR,Reform,Violent felony rearrest while pending,28615,0.08967324829634807,0.08636278101541658,0.09298371557727955
