arraign_month,charge_group,n,restrictive_rate
2019-01-01,Misdemeanor,7271,0.13051849814330904
2019-01-01,Other felony,1741,0.40723721998851237
2019-01-01,Violent felony,1095,0.6666666666666666
2019-02-01,Misdemeanor,6463,0.13028005570168652
2019-02-01,Other felony,1551,0.39909735654416506
2019-02-01,Violent felony,944,0.6430084745762712
2019-03-01,Misdemeanor,7250,0.12110344827586207
2019-03-01,Other felony,1795,0.37270194986072425
2019-03-01,Violent felony,1032,0.6734496124031008
2019-04-01,Misdemeanor,7010,0.11868758915834522
2019-04-01,Other felony,1617,0.37909709338280767
2019-04-01,Violent felony,1082,0.6081330868761553
2019-05-01,Misdemeanor,7494,0.1203629570322925
2019-05-01,Other felony,1527,0.36738703339882123
2019-05-01,Violent felony,1116,0.6191756272401434
2019-06-01,Misdemeanor,6872,0.11786961583236322
2019-06-01,Other felony,1387,0.38067772170151404
2019-06-01,Violent felony,1046,0.6586998087954111
2019-07-01,Misdemeanor,7515,0.10578842315369262
2019-07-01,Other felony,1548,0.3475452196382429
2019-07-01,Violent felony,1220,0.6311475409836066
2019-08-01,Misdemeanor,6877,0.10411516649701905
2019-08-01,Other felony,1584,0.317550505050505
2019-08-01,Violent felony,1245,0.6032128514056225
2019-09-01,Misdemeanor,6320,0.0981012658227848
2019-09-01,Other felony,1385,0.32057761732851986
2019-09-01,Violent felony,1131,0.5959328028293546
2019-10-01,Misdemeanor,6446,0.09789016444306546
2019-10-01,Other felony,1475,0.31254237288135595
2019-10-01,Violent felony,1047,0.5682903533906399
2019-11-01,Misdemeanor,5909,0.08783212049416145
2019-11-01,Other felony,1259,0.24622716441620335
2019-11-01,Violent felony,934,0.5781584582441114
2019-12-01,Misdemeanor,5218,0.06036795707167497
2019-12-01,Other felony,1080,0.17962962962962964
2019-12-01,Violent felony,852,0.4225352112676056
2020-01-01,Misdemeanor,5445,0.05381083562901745
2020-01-01,Other felony,1225,0.1493877551020408
2020-01-01,Violent felony,1175,0.4178723404255319
2020-02-01,Misdemeanor,5539,0.059397003069146054
2020-02-01,Other felony,1274,0.16012558869701726
2020-02-01,Violent felony,1132,0.46908127208480566
2020-03-01,Misdemeanor,4411,0.05576966674223532
2020-03-01,Other felony,1003,0.1575274177467597
2020-03-01,Violent felony,1092,0.43131868131868134
2020-04-01,Misdemeanor,2516,0.05643879173290938
2020-04-01,Other felony,589,0.1697792869269949
2020-04-01,Violent felony,825,0.41454545454545455
2020-05-01,Misdemeanor,3963,0.050971486247792075
2020-05-01,Other felony,1110,0.15675675675675677
2020-05-01,Violent felony,1406,0.4566145092460882
2020-06-01,Misdemeanor,2482,0.04794520547945205
2020-06-01,Other felony,944,0.15148305084745764
2020-06-01,Violent felony,901,0.537180910099889
2020-07-01,Misdemeanor,2544,0.07743710691823899
2020-07-01,Other felony,557,0.2836624775583483
2020-07-01,Violent felony,1019,0.5966633954857704
2020-08-01,Misdemeanor,3221,0.0773051847252406
2020-08-01,Other felony,832,0.24278846153846154
2020-08-01,Violent felony,1248,0.5713141025641025
2020-09-01,Misdemeanor,3711,0.07060091619509566
2020-09-01,Other felony,1007,0.24925521350546176
2020-09-01,Violent felony,1463,0.6507177033492823
2020-10-01,Misdemeanor,4822,0.06802156781418499
2020-10-01,Other felony,1237,0.22392886014551333
2020-10-01,Violent felony,1376,0.5850290697674418
2020-11-01,Misdemeanor,4183,0.056179775280898875
2020-11-01,Other felony,1007,0.2333664349553128
2020-11-01,Violent felony,1173,0.5967604433077579
2020-12-01,Misdemeanor,4325,0.06427745664739884
2020-12-01,Other felony,1019,0.19823356231599606
2020-12-01,Violent felony,1284,0.5280373831775701
2021-01-01,Misdemeanor,4783,0.06293121471879573
2021-01-01,Other felony,1123,0.25200356188780054
2021-01-01,Violent felony,1318,0.5591805766312595
2021-02-01,Misdemeanor,4131,0.06850641491164366
2021-02-01,Other felony,939,0.2577209797657082
2021-02-01,Violent felony,1102,0.5526315789473685
2021-03-01,Misdemeanor,4977,0.06550130600763512
2021-03-01,Other felony,1070,0.21121495327102804
2021-03-01,Violent felony,1351,0.5603256846780162
2021-04-01,Misdemeanor,4067,0.07081386771576101
2021-04-01,Other felony,798,0.2719298245614035
2021-04-01,Violent felony,1019,0.5368007850834151
2021-05-01,Misdemeanor,4803,0.07620237351655215
2021-05-01,Other felony,796,0.26256281407035176
2021-05-01,Violent felony,1216,0.5756578947368421
2021-06-01,Misdemeanor,5356,0.07169529499626587
2021-06-01,Other felony,1016,0.21751968503937008
2021-06-01,Violent felony,1249,0.589271417133707
2021-07-01,Misdemeanor,6205,0.06430298146655923
2021-07-01,Other felony,1125,0.224
2021-07-01,Violent felony,1361,0.5782512858192506
2021-08-01,Misdemeanor,6164,0.06975989617131732
2021-08-01,Other felony,1142,0.21891418563922943
2021-08-01,Violent felony,1338,0.5710014947683109
2021-09-01,Misdemeanor,5478,0.05439941584519898
2021-09-01,Other felony,1019,0.2070657507360157
2021-09-01,Violent felony,1377,0.4807552650689906
2021-10-01,Misdemeanor,5687,0.0465975030771936
2021-10-01,Other felony,1090,0.19357798165137616
2021-10-01,Violent felony,1437,0.4606819763395964
2021-11-01,Misdemeanor,5245,0.05033365109628218
2021-11-01,Other felony,965,0.15854922279792746
2021-11-01,Violent felony,1221,0.5167895167895168
2021-12-01,Misdemeanor,5052,0.057205067300079175
2021-12-01,Other felony,944,0.22351694915254236
2021-12-01,Violent felony,1283,0.5058456742010912
2022-01-01,Misdemeanor,5018,0.05958549222797927
2022-01-01,Other felony,990,0.19292929292929292
2022-01-01,Violent felony,1332,0.47297297297297297
2022-02-01,Misdemeanor,5268,0.06985573272589218
2022-02-01,Other felony,1071,0.18487394957983194
2022-02-01,Violent felony,1274,0.5290423861852434
2022-03-01,Misdemeanor,6388,0.06167814652473388
2022-03-01,Other felony,1248,0.20592948717948717
2022-03-01,Violent felony,1466,0.5088676671214188
2022-04-01,Misdemeanor,6363,0.058305830583058306
2022-04-01,Other felony,1233,0.2003244120032441
2022-04-01,Violent felony,1445,0.4795847750865052
2022-05-01,Misdemeanor,6465,0.06078886310904873
2022-05-01,Other felony,1227,0.20211898940505296
2022-05-01,Violent felony,1575,0.5028571428571429
2022-06-01,Misdemeanor,6433,0.05829317581221825
2022-06-01,Other felony,1201,0.22980849292256453
2022-06-01,Violent felony,1511,0.4990072799470549
2022-07-01,Misdemeanor,6301,0.06268846214886525
2022-07-01,Other felony,1169,0.24379811804961504
2022-07-01,Violent felony,1518,0.5138339920948617
2022-08-01,Misdemeanor,5988,0.06513026052104208
2022-08-01,Other felony,1194,0.25711892797319935
2022-08-01,Violent felony,1558,0.5198973042362003
2022-09-01,Misdemeanor,5763,0.07530799930591706
2022-09-01,Other felony,1198,0.24874791318864775
2022-09-01,Violent felony,1585,0.5520504731861199
2022-10-01,Misdemeanor,6148,0.06766428106701367
2022-10-01,Other felony,1277,0.2427564604541895
2022-10-01,Violent felony,1558,0.5301668806161746
2022-11-01,Misdemeanor,5949,0.0657253319885695
2022-11-01,Other felony,1195,0.23765690376569037
2022-11-01,Violent felony,1409,0.5074520936834634
2022-12-01,Misdemeanor,5632,0.0625
2022-12-01,Other felony,1214,0.22817133443163098
2022-12-01,Violent felony,1316,0.5189969604863222
2023-01-01,Misdemeanor,6397,0.06424886665624512
2023-01-01,Other felony,1420,0.24014084507042255
2023-01-01,Violent felony,1600,0.489375
2023-02-01,Misdemeanor,6009,0.07022799134631386
2023-02-01,Other felony,1271,0.22108575924468923
2023-02-01,Violent felony,1456,0.4608516483516483
2023-03-01,Misdemeanor,6630,0.0693815987933635
2023-03-01,Other felony,1587,0.22432262129804661
2023-03-01,Violent felony,1487,0.4801613987895091
2023-04-01,Misdemeanor,6650,0.07172932330827067
2023-04-01,Other felony,1509,0.22266401590457258
2023-04-01,Violent felony,1611,0.4866542520173805
2023-05-01,Misdemeanor,6966,0.06933677863910422
2023-05-01,Other felony,1666,0.24729891956782712
2023-05-01,Violent felony,1648,0.45813106796116504
2023-06-01,Misdemeanor,6965,0.0737975592246949
2023-06-01,Other felony,1615,0.2476780185758514
2023-06-01,Violent felony,1765,0.48158640226628896
2023-07-01,Misdemeanor,6871,0.07087760151360792
2023-07-01,Other felony,1576,0.2436548223350254
2023-07-01,Violent felony,1812,0.4795805739514349
2023-08-01,Misdemeanor,7008,0.0737728310502283
2023-08-01,Other felony,1591,0.23318667504714016
2023-08-01,Violent felony,1792,0.42578125
2023-09-01,Misdemeanor,6517,0.07073806966395581
2023-09-01,Other felony,1494,0.21619812583668005
2023-09-01,Violent felony,1728,0.4710648148148148
2023-10-01,Misdemeanor,6974,0.0728419845139088
2023-10-01,Other felony,1550,0.2361290322580645
2023-10-01,Violent felony,1746,0.427262313860252
2023-11-01,Misdemeanor,6720,0.07559523809523809
2023-11-01,Other felony,1601,0.21361648969394129
2023-11-01,Violent felony,1639,0.4649176327028676
2023-12-01,Misdemeanor,6616,0.05743651753325272
2023-12-01,Other felony,1406,0.2375533428165007
2023-12-01,Violent felony,1522,0.48291721419185285
2024-01-01,Misdemeanor,7275,0.07134020618556701
2024-01-01,Other felony,1670,0.2179640718562874
2024-01-01,Violent felony,1568,0.430484693877551
2024-02-01,Misdemeanor,7299,0.06548842307165365
2024-02-01,Other felony,1731,0.22761409589832468
2024-02-01,Violent felony,1555,0.4662379421221865
2024-03-01,Misdemeanor,7548,0.07352941176470588
2024-03-01,Other felony,1721,0.23939570017431724
2024-03-01,Violent felony,1782,0.46352413019079686
2024-04-01,Misdemeanor,7364,0.07577403585008148
2024-04-01,Other felony,1603,0.22395508421709295
2024-04-01,Violent felony,1645,0.4601823708206687
2024-05-01,Misdemeanor,8008,0.07242757242757243
2024-05-01,Other felony,1853,0.21316783594171615
2024-05-01,Violent felony,1929,0.42405391394504927
2024-06-01,Misdemeanor,7669,0.0641543877950189
2024-06-01,Other felony,1773,0.19402143260011281
2024-06-01,Violent felony,1931,0.45365095805282235
2024-07-01,Misdemeanor,7935,0.06817895400126024
2024-07-01,Other felony,1900,0.21842105263157896
2024-07-01,Violent felony,2021,0.39633844631370607
2024-08-01,Misdemeanor,7930,0.07591424968474149
2024-08-01,Other felony,1803,0.23183582917359954
2024-08-01,Violent felony,1914,0.4446185997910136
2024-09-01,Misdemeanor,7372,0.074877916440586
2024-09-01,Other felony,1640,0.2201219512195122
2024-09-01,Violent felony,1770,0.4672316384180791
2024-10-01,Misdemeanor,7993,0.07756787188790192
2024-10-01,Other felony,1749,0.22184105202973128
2024-10-01,Violent felony,1894,0.4429778247096093
2024-11-01,Misdemeanor,7556,0.07503970354685019
2024-11-01,Other felony,1759,0.22001137009664581
2024-11-01,Violent felony,1608,0.46455223880597013
2024-12-01,Misdemeanor,7690,0.07711313394018206
2024-12-01,Other felony,1519,0.21922317314022383
2024-12-01,Violent felony,1421,0.46938775510204084
