arraign_year,nmr_condition,n,fta_rate,rearrest_180_rate,share_of_nmr
2019,Not recorded,4971,0.3443975055320861,0.3884530275598471,1
2020,Contact with pretrial services only,4038,0.20059435364041606,0.40416047548291234,0.5127619047619048
2020,Other conditions only,145,0.14482758620689656,0.4206896551724138,0.018412698412698412
2020,Pretrial supervision,3692,0.18661971830985916,0.39734561213434455,0.4688253968253968
2021,Contact with pretrial services only,6227,0.2359081419624217,0.41496707885016865,0.4360033608738272
2021,Other conditions only,132,0.2196969696969697,0.3787878787878788,0.009242403024786445
2021,Pretrial supervision,7923,0.22163321973999747,0.40502334974125964,0.5547542361013864
2022,Contact with pretrial services only,7539,0.3244462130256002,0.46080382013529647,0.3578242916132707
2022,Other conditions only,73,0.273972602739726,0.4794520547945205,0.0034648061132469504
2022,Pretrial supervision,13457,0.28743404919372817,0.44058854127963143,0.6387109022734824
2023,Contact with pretrial services only,6721,0.2898378217527154,0.40990923969647375,0.2656941808981657
2023,Other conditions only,106,0.2641509433962264,0.3584905660377358,0.004190385831752056
2023,Pretrial supervision,18469,0.2944393307704803,0.4262818777410797,0.7301154332700822
2024,Contact with pretrial services only,8126,0.28107309869554514,0.4416687176962835,0.2721913311449052
2024,Other conditions only,97,0.26804123711340205,0.4639175257731959,0.003249145843103102
2024,Pretrial supervision,21631,0.27811936572511675,0.4318801719754057,0.7245595230119917
