column,n_missing,pct_missing
caseid,0,0.00%
arraign_month,0,0.00%
arraign_year,0,0.00%
arraign_mo,0,0.00%
period,0,0.00%
borough,0,0.00%
larg_class,0,0.00%
larg_vfo,0,0.00%
charge_group,0,0.00%
firearm_charge,0,0.00%
release_decision,0,0.00%
restrictive,0,0.00%
larg_rel_outcome,0,0.00%
release_type,85545,13.60%
bail_amount,526923,83.78%
bail_paid_days,602408,95.78%
bail_paid_5d,0,0.00%
prior_felony_conv,0,0.00%
prior_vfo_conv,0,0.00%
prior_misd_conv,0,0.00%
pending_case,0,0.00%
prior_bw_2yrs,0,0.00%
age,435,0.07%
age_group,435,0.07%
sex,2170,0.35%
race_eth,3978,0.63%
arr_re_combi,0,0.00%
arr_yr,6,0.00%
bench_warrant,0,0.00%
rearrest_180,0,0.00%
rearrest_pending,0,0.00%
rearrest_vfo_pending,0,0.00%
disposition,0,0.00%
days_arraign_to_disp,34109,5.42%
nmr_condition,525591,83.57%
cond_supervision,0,0.00%
cond_contact,0,0.00%
cond_electronic,0,0.00%
cond_no_weapons,0,0.00%
