year,release_type,released_official,fta_official,rearrest_180_official,released_ours,fta_ours,rearrest_180_ours,diff_released,diff_fta,diff_rearrest
2019,ROR,83655,11837,14818,83655,11837,14818,0,0,0
2019,Non-monetary,4972,1712,1931,4972,1712,1931,0,0,0
2019,Bail paid,6820,811,1647,6820,811,1647,0,0,0
2020,ROR,52629,3190,10157,52629,3190,10157,0,0,0
2020,Non-monetary,7876,1520,3160,7876,1520,3160,0,0,0
2020,Bail paid,3084,204,645,3084,204,645,0,0,0
2021,ROR,60161,4679,9901,60161,4679,9901,0,0,0
2021,Non-monetary,14282,3254,5843,14282,3254,5843,0,0,0
2021,Bail paid,3052,168,596,3052,168,596,0,0,0
2022,ROR,65696,6763,11701,65696,6763,11701,0,0,0
2022,Non-monetary,21071,6334,9438,21071,6334,9438,0,0,0
2022,Bail paid,2711,137,584,2711,137,584,0,0,0
2023,ROR,74006,7475,12848,74006,7475,12848,0,0,0
2023,Non-monetary,25297,7415,10667,25297,7415,10667,0,0,0
2023,Bail paid,2753,135,568,2753,135,568,0,0,0
2024,ROR,82908,8169,14876,82908,8169,14876,0,0,0
2024,Non-monetary,29854,8326,12976,29854,8326,12976,0,0,0
2024,Bail paid,2647,143,584,2647,143,584,0,0,0
