year,release_type,released,fta,rearrest_180
2019,ROR,83655,11837,14818
2019,Non-monetary,4972,1712,1931
2019,Bail paid,6820,811,1647
2020,ROR,52629,3190,10157
2020,Non-monetary,7876,1520,3160
2020,Bail paid,3084,204,645
2021,ROR,60161,4679,9901
2021,Non-monetary,14282,3254,5843
2021,Bail paid,3052,168,596
2022,ROR,65696,6763,11701
2022,Non-monetary,21071,6334,9438
2022,Bail paid,2711,137,584
2023,ROR,74006,7475,12848
2023,Non-monetary,25297,7415,10667
2023,Bail paid,2753,135,568
2024,ROR,82908,8169,14876
2024,Non-monetary,29854,8326,12976
2024,Bail paid,2647,143,584
