term,label,group,main,main_lo,main_hi,no_race,y2019,y2019_lo,y2019_hi
charge_groupViolent felony,Violent felony (vs misdemeanor),Charge,13.89553751723218,13.568792035846188,14.230151245793316,13.896229008733734,14.014005919709385,13.313065104237303,14.7518516870425
charge_groupOther felony,Other felony (vs misdemeanor),Charge,2.8694565878268494,2.802095611033035,2.9384368888067307,2.870192221024329,3.527864650304602,3.3820347378654914,3.6799826008658223
firearm_charge,Firearm charge,Charge,5.119403776267845,4.944158527946992,5.30086057644033,5.124917990296478,4.978666651633689,4.505484808891773,5.501543713824298
prior_felony_conv,Prior felony conviction,Prior history,2.296897634727044,2.2502778445261775,2.3444832633658876,2.3076989536625976,3.026410134274102,2.9112189489723987,3.146159207321038
pending_case,Open case at arrest,Prior history,3.28389043316842,3.214033082767562,3.3552661404994524,3.2872064881382608,2.54406299314357,2.444246110898224,2.6479561465699386
prior_bw_2yrs,Bench warrant in prior 2 years,Prior history,2.987340530347012,2.9165291753205005,3.059871137161958,2.991563875804237,2.454482698193335,2.3406727945867196,2.5738263501260317
age_group18-20,Age 18 to 20 (vs 25 to 34),Age,0.8576197469399837,0.8242407506868159,0.8923504810075468,0.8585620561431189,0.6219176356605597,0.5766522389963331,0.6707362243469589
age_group21-24,Age 21 to 24,Age,0.9121858094710138,0.8837441886120746,0.9415427696413821,0.912392858059428,0.796355347838302,0.7507435410837747,0.8447383231764563
age_group35-49,Age 35 to 49,Age,0.9949968538774132,0.9729423701309113,1.0175512647195553,0.9945067351331376,0.9618676044657919,0.9203910923827654,1.0052132144451482
age_group50+,Age 50+,Age,0.7959936138511076,0.7730100148881568,0.81966057501004,0.7950303443987672,0.8064717808556827,0.7630450040183098,0.8523700828803665
sexFemale,Female (vs male),Sex,0.4673053168658712,0.45315076578840957,0.48190199743164097,0.4687818808939831,0.41051412331330217,0.38728747831649135,0.435133731078114
race_ethBlack,Black (vs White),Race and ethnicity,0.9772330197028847,0.9463032726625772,1.0091736997914167,NA,1.017684183873844,0.9586936804678564,1.0803045010180359
race_ethHispanic,Hispanic (vs White),Race and ethnicity,0.9892334538819774,0.9564894825247251,1.0230983655943862,NA,1.019456921936095,0.9580268846197002,1.084825940031919
race_ethAsian,Asian (vs White),Race and ethnicity,0.8686192079009929,0.8240182765184683,0.9156342156904066,NA,0.7996297690644254,0.7240743224991789,0.883069248149939
race_ethOther,Other race (vs White),Race and ethnicity,0.9098547976009508,0.7471896178637585,1.1079326223566635,NA,0.6944757620120314,0.4634994192139724,1.0405548831972573
boroughBronx,Bronx (vs Manhattan),Borough,0.6197121044976716,0.6019432828359365,0.6380054457150681,0.6207425260657704,0.46537525760477794,0.44079249928493086,0.4913289830068515
boroughBrooklyn,Brooklyn,Borough,0.5961043157388731,0.5815222860381773,0.6110519988208702,0.5953008670647856,0.44257462990924945,0.4214408373386231,0.46476820869147967
boroughQueens,Queens,Borough,0.8950693892293943,0.8718940321160535,0.918860758332205,0.8861017720859616,0.8473154192115844,0.8062060130657474,0.8905210430068494
boroughStaten Island,Staten Island,Borough,0.8063653798187582,0.7716671136378058,0.8426238649784467,0.808644307493707,0.9894031582310644,0.9112865109511966,1.0742160646005983
periodReform,"Reform, Jan to Jun 2020 (vs first amendments)",Period,0.6917160155222544,0.6652556945422577,0.7192287868489499,0.6920356816596431,NA,NA,NA
periodLater amendments,"Later amendments, Jun 2022 to 2024",Period,0.9879962937891311,0.9686269606271384,1.0077529495039645,0.988060967163087,NA,NA,NA
