term,estimate,std.error,statistic,p.value,conf.low,conf.high,label,group
charge_groupViolent felony,13.89553751723218,0.012140679228983191,216.7562207214589,0,13.568792035846188,14.230151245793316,Violent felony (vs misdemeanor),Charge
charge_groupOther felony,2.8694565878268494,0.01212017162243027,86.97258607069556,0,2.802095611033035,2.9384368888067307,Other felony (vs misdemeanor),Charge
firearm_charge,5.119403776267845,0.017771345923765617,91.89163214357596,0,4.944158527946992,5.30086057644033,Firearm charge,Charge
prior_felony_conv,2.296897634727044,0.010462265153192178,79.48177051236634,0,2.2502778445261775,2.3444832633658876,Prior felony conviction,Prior history
pending_case,3.28389043316842,0.010970745776504533,108.38176833391368,0,3.214033082767562,3.3552661404994524,Open case at arrest,Prior history
prior_bw_2yrs,2.987340530347012,0.012239646421374518,89.41300256504292,0,2.9165291753205005,3.059871137161958,Bench warrant in prior 2 years,Prior history
age_group18-20,0.8576197469399837,0.0202545331352909,-7.583214191536155,3.370976438692467e-14,0.8242407506868159,0.8923504810075468,Age 18 to 20 (vs 25 to 34),Age
age_group21-24,0.9121858094710138,0.01616155534803002,-5.687049867747447,1.2925272298202519e-8,0.8837441886120746,0.9415427696413821,Age 21 to 24,Age
age_group35-49,0.9949968538774132,0.011436293737940613,-0.4385777311884984,0.6609675356579781,0.9729423701309113,1.0175512647195553,Age 35 to 49,Age
age_group50+,0.7959936138511076,0.014948825013551284,-15.263013364810918,1.3487322136208699e-52,0.7730100148881568,0.81966057501004,Age 50+,Age
sexFemale,0.4673053168658712,0.015693115437321208,-48.47810204011949,0,0.45315076578840957,0.48190199743164097,Female (vs male),Sex
race_ethBlack,0.9772330197028847,0.016409499000142137,-1.4034645452405423,0.1604783573813066,0.9463032726625772,1.0091736997914167,Black (vs White),Race and ethnicity
race_ethHispanic,0.9892334538819774,0.017174071279812943,-0.6303062681990759,0.528494222709425,0.9564894825247251,1.0230983655943862,Hispanic (vs White),Race and ethnicity
race_ethAsian,0.8686192079009929,0.026894434795703172,-5.237159529976361,1.630667365417706e-7,0.8240182765184683,0.9156342156904066,Asian (vs White),Race and ethnicity
race_ethOther,0.9098547976009508,0.10049471988310446,-0.9400519289824316,0.3471909247406747,0.7471896178637585,1.1079326223566635,Other race (vs White),Race and ethnicity
boroughBronx,0.6197121044976716,0.014843025958322688,-32.23737920513601,5.28680602811707e-228,0.6019432828359365,0.6380054457150681,Bronx (vs Manhattan),Borough
boroughBrooklyn,0.5961043157388731,0.012636141297183696,-40.94126431934722,0,0.5815222860381773,0.6110519988208702,Brooklyn,Borough
boroughQueens,0.8950693892293943,0.013384608911156714,-8.28220193680214,1.2091831972735467e-16,0.8718940321160535,0.918860758332205,Queens,Borough
boroughStaten Island,0.8063653798187582,0.02244107947378564,-9.590372629374029,8.776745545760107e-22,0.7716671136378058,0.8426238649784467,Staten Island,Borough
periodReform,0.6917160155222544,0.019900375556735305,-18.521247940107976,1.3917337614170072e-76,0.6652556945422577,0.7192287868489499,"Reform, Jan to Jun 2020 (vs first amendments)",Period
periodLater amendments,0.9879962937891311,0.010101911287662328,-1.1954502591633251,0.231911159175887,0.9686269606271384,1.0077529495039645,"Later amendments, Jun 2022 to 2024",Period
