arraign_year,charge_group,n,restrictive_rate,change_pts
2019,Misdemeanor,80645,0.10923181846363693,NA
2020,Misdemeanor,47162,0.06106611254823799,-0.04816570591539894
2021,Misdemeanor,61948,0.0628430296377607,0.0017769170895227115
2022,Misdemeanor,71716,0.06383512744715265,9.920978093919536e-4
2023,Misdemeanor,80323,0.07006710406732816,0.006231976620175508
2024,Misdemeanor,91639,0.07264374338436692,0.002576639317038762
2019,Other felony,17949,0.3425817594294947,NA
2020,Other felony,11804,0.19374788207387325,-0.14883387735562145
2021,Other felony,12027,0.2233308389457055,0.02958295687183224
2022,Other felony,14217,0.22353520433284096,2.0436538713547447e-4
2023,Other felony,18286,0.2321994968828612,0.008664292550020242
2024,Other felony,20721,0.22054920129337388,-0.011650295589487325
2019,Violent felony,12744,0.6089139987445072,NA
2020,Violent felony,14094,0.5262523059457925,-0.08266169279871471
2021,Violent felony,15272,0.5396149816657936,0.01336267572000105
2022,Violent felony,17547,0.511654413859919,-0.027960567805874526
2023,Violent felony,19806,0.4668282338685247,-0.04482617999139438
2024,Violent felony,21038,0.4472383306397947,-0.01958990322873
