Characteristic,Pre-reform,Reform,First amendments,Later amendments
Arraignments (n),"111,338","37,032","167,638","312,930"
Months in period,12,6,23,31
Violent felony,11.4%,17.6%,17.9%,16.4%
Other felony,16.1%,16.6%,14.0%,15.2%
Misdemeanor,72.4%,65.8%,68.2%,68.4%
Median age,32,32,33,34
Male,80.7%,83.2%,82.2%,81.0%
Black,47.5%,48.9%,50.0%,48.2%
Hispanic,33.6%,33.8%,32.4%,35.0%
White,12.1%,11.1%,11.1%,10.3%
Asian,6.5%,5.9%,6.2%,6.2%
Prior felony conviction,30.6%,33.6%,33.1%,30.1%
Open case at arrest,29.5%,33.2%,35.1%,33.9%
Bench warrant in prior 2 years,13.6%,15.1%,10.1%,13.6%
Restrictive decision,20.4%,14.2%,17.1%,16.0%
